Brand,OS,Screen_Size_in,RAM_GB,Battery_mAh,Processor_GHz,Num_Cores,Screen_Res,Has_5G,Weight_g,Price_USD,Battery_Life_hrs
Motorola,Android,5.2,2,4000,2.99,8,HD,1,223.4,458.54,7.5
Xiaomi,Android,6.5,2,5500,2.85,6,QHD,0,150.3,487.7,14
Nokia,Android,6.1,8,3500,3.27,8,QHD,0,144.7,611.31,5.9
Google,Android,4.8,8,3500,2.18,8,4K,1,215.6,670.78,5.8
Motorola,Android,7,12,2000,3.28,8,FHD,0,198.1,543.06,3
Oppo,Android,6.6,3,2000,3.14,8,HD,0,148.7,416.25,3
OnePlus,Android,4.6,2,5000,3.07,6,QHD,0,156.9,496.03,11.3
Motorola,Android,6.3,6,5000,2.75,6,FHD,1,210.1,666.33,9.4
Nokia,Android,6.6,6,4000,2.22,4,FHD,1,175.4,499.16,8.2
Google,Android,5.5,6,4500,2.52,8,QHD,1,197.1,629.59,9.3
Xiaomi,Android,4.7,16,4000,3.15,4,FHD,1,161.8,788.2,4.3
Nokia,Android,4.7,16,6000,1.85,8,FHD,1,168.1,785.64,13.5
Nokia,Android,4.8,12,6000,3.13,4,HD,1,229.1,676.32,13.6
OnePlus,Android,6.8,8,4000,2.21,4,FHD,1,154.8,545.81,5.3
Sony,Android,7,6,5000,2.05,6,FHD,1,180.6,536.43,9.3
Google,Android,4.8,6,5000,2,8,FHD,1,214.4,573.09,12.4
Samsung,Android,5.1,6,3500,1.85,4,QHD,0,153.9,504.75,6.7
Nokia,Android,4.9,12,3500,2.69,6,4K,0,171.5,747.34,5.6
Sony,Android,5,3,4000,2.17,6,FHD,0,191.5,336.35,7.8
Samsung,Android,6.8,6,5000,3.48,6,HD,1,178.1,673.96,9.9
Google,Android,5.4,3,6000,2.78,4,HD,1,176,552.77,13.6
Apple,iOS,5.3,6,5000,2.03,8,FHD,1,166.3,718.22,10.4
Oppo,Android,5.1,12,5000,2.97,8,QHD,0,188.7,684.61,9.2
Sony,Android,6.1,8,4500,3.33,4,QHD,1,192.4,606.86,7
Huawei,Android,5.5,4,5000,3.07,8,QHD,1,195.3,672.82,9.7
Apple,iOS,6.5,16,5000,1.93,8,FHD,1,137,869.95,9.2
Oppo,Android,5.1,8,4000,3.32,8,FHD,1,193.1,603.37,8.8
OnePlus,Android,6.6,2,4500,3.15,8,FHD,1,225.3,572.72,9.1
Motorola,Android,6.1,4,5000,2.07,8,HD,1,184.1,483.63,8.6
Xiaomi,Android,4.8,4,2500,1.89,8,QHD,1,201.5,461.77,3.3
Huawei,Android,5.6,3,5000,2.75,8,4K,1,185.7,726.75,10.7
OnePlus,Android,6.8,16,3500,2.07,6,FHD,0,215.5,642.68,3.1
Google,Android,7,6,4000,3.22,8,QHD,0,223,575.31,7.3
OnePlus,Android,5.8,12,5000,2.41,8,FHD,1,148.4,714.44,7.9
Motorola,Android,5.8,4,3500,3.35,4,FHD,0,173.7,464.78,6.7
Google,Android,7,3,3500,2.76,6,FHD,1,169.2,559.39,6.1
Huawei,Android,6.1,6,4000,2.11,8,FHD,0,170.5,439.4,9.9
Motorola,Android,4.6,3,5500,2.04,8,HD,1,142.6,488.61,12.1
Samsung,Android,7,6,2000,2.78,6,QHD,1,211.4,608.53,3
Xiaomi,Android,5.2,12,5500,3.1,8,QHD,0,133.6,748.62,12.5
Huawei,Android,6.1,6,3000,3.13,4,FHD,1,182.8,480.94,4
Samsung,Android,4.9,8,6000,2.27,6,FHD,1,196.2,588.81,14.4
Oppo,Android,4.6,4,6000,2.15,8,QHD,1,150.7,619.25,15.6
Huawei,Android,5.3,2,4000,1.83,6,QHD,0,220.6,429.64,10.1
Oppo,Android,6.6,3,4000,2.95,4,QHD,1,213.9,573.08,6.7
Google,Android,5.2,6,4000,1.93,8,FHD,0,177.1,408.83,8.4
Samsung,Android,5.1,3,4500,2.52,6,4K,1,171.1,627.97,8.3
Xiaomi,Android,5.1,6,3000,2.82,6,FHD,1,153.7,498.61,3.8
Motorola,Android,5.9,6,2500,3.39,8,QHD,1,203,580.45,3
Nokia,Android,7.1,6,2500,2.33,8,HD,1,143.2,542.26,3
OnePlus,Android,5.7,4,4000,2.22,8,QHD,1,198,581.78,7.6
Apple,iOS,6,4,3500,2.91,8,FHD,0,214.2,645.47,6.7
Xiaomi,Android,6.8,12,4500,2.85,4,FHD,1,152.8,652.56,7.6
Samsung,Android,5.9,8,6000,2.36,8,FHD,0,216.6,596.31,14.4
Nokia,Android,5,6,4000,3.38,8,FHD,1,133.3,535.45,6.8
Xiaomi,Android,5.3,2,4500,3.24,8,QHD,1,221.3,589.11,9.5
Samsung,Android,5.3,16,4000,2.18,8,QHD,1,141.8,813.25,5.2
Sony,Android,5.6,8,5000,2.21,8,4K,1,194.6,768.32,9.5
Sony,Android,5.7,4,5500,2.67,6,FHD,1,155,591.49,11.5
Oppo,Android,6.7,12,5500,3.12,6,QHD,1,213.7,838.48,9.9
Xiaomi,Android,5.4,4,6000,1.87,8,QHD,1,181.2,609.97,14.5
Sony,Android,5.8,6,2500,2.98,8,FHD,0,143.5,489.03,3
Samsung,Android,6.2,8,5000,2.9,8,HD,1,187.1,737.75,8.6
Oppo,Android,5.5,4,5000,2.19,6,QHD,1,170.8,573.41,10.7
Samsung,Android,6.8,16,3500,2.96,8,4K,1,196.1,948.61,3
Oppo,Android,6.1,8,6000,3.4,8,QHD,1,218.2,806.56,9.9
Xiaomi,Android,5.3,6,3000,1.88,8,FHD,1,170.9,502.05,7
Nokia,Android,6.4,4,4500,2.34,8,FHD,0,159,469.28,9
Motorola,Android,5.9,3,3500,2.54,8,FHD,1,131.5,513.84,5.3
Huawei,Android,5.9,4,4000,3.33,8,QHD,1,187.5,666.51,5.9
Nokia,Android,5.8,8,4500,3.44,8,QHD,0,170.2,659.71,8
Google,Android,5.8,4,4500,2.55,8,FHD,0,167.5,457,9.7
Samsung,Android,6.6,6,4000,3.08,8,QHD,1,148.3,586.92,7.5
Google,Android,4.8,8,4000,2.7,8,FHD,0,173,550.89,8
Nokia,Android,5.4,3,5000,2.71,8,4K,0,228.4,516.1,11.5
Oppo,Android,4.7,8,3000,2.27,8,FHD,0,159.8,420.66,6.2
Huawei,Android,6.5,3,4000,2.17,8,FHD,0,190,422.2,7.7
Huawei,Android,5.2,16,5500,2.29,6,FHD,1,207.6,714.04,10.8
Apple,iOS,6.9,6,5000,2.75,6,FHD,1,204.9,774.2,9.8
Huawei,Android,5.9,4,4000,1.85,8,HD,0,162.9,422.65,9.9
Motorola,Android,6.7,4,5000,3.34,8,FHD,0,191.1,567.51,11.3
Huawei,Android,7.1,6,5000,2.07,8,FHD,0,217.1,462.99,10.5
Nokia,Android,6.8,8,5500,2.17,8,QHD,1,131.5,691.32,10.9
Apple,iOS,6.8,8,4500,2.68,8,HD,0,173.6,718.37,9.8
Nokia,Android,5.6,8,3500,3.01,8,FHD,1,152.4,615.11,5
Nokia,Android,6,3,3500,1.96,8,HD,1,168.9,515.16,4.9
OnePlus,Android,5.2,4,3500,2.34,8,QHD,0,171.6,452.02,8
Apple,iOS,5,3,4500,3.45,4,HD,0,204.7,573.28,10.6
Nokia,Android,5.9,6,2500,2.25,6,4K,0,139.4,561.79,4.6
OnePlus,Android,6.1,12,4500,2.33,6,QHD,1,181.3,647.76,7.9
OnePlus,Android,5.4,6,4000,3.22,6,FHD,1,186.4,593.2,4.8
Apple,iOS,6,4,3500,1.89,8,FHD,0,179.4,603.16,7
Google,Android,6.9,6,5500,2.59,6,FHD,1,203.2,566.75,9.3
Oppo,Android,6,12,4000,2.45,4,FHD,0,168.4,551.4,5.5
Motorola,Android,6.4,8,3000,2.34,6,QHD,1,224.5,683.31,3
Oppo,Android,6.7,12,5000,2.29,4,4K,1,178.2,824.49,8.8
Huawei,Android,7.2,4,2500,1.96,8,HD,1,187.1,511.28,3
Motorola,Android,6.1,4,5000,2.34,8,FHD,1,212.6,606.74,11.2
Huawei,Android,6.7,12,5000,1.87,8,QHD,1,157.5,833.48,9.2
Nokia,Android,7.1,8,4000,3.13,6,QHD,1,137.5,696.44,5.4
Samsung,Android,7,4,5000,2.48,4,HD,1,200.8,529.91,11.2
Apple,iOS,4.9,8,4000,2.55,6,FHD,1,178.3,769.04,8.6
Motorola,Android,5.6,12,4000,3.32,8,FHD,0,219.7,625.3,6.7
Motorola,Android,5.4,8,2500,2.92,6,QHD,0,228.3,499.68,3
Nokia,Android,4.7,8,3500,1.81,8,FHD,1,169.9,530.3,5.3
Google,Android,6.2,6,5500,3.4,6,FHD,1,171.5,654.49,11.7
OnePlus,Android,6.5,6,4000,2.2,8,4K,1,170.8,675.52,7.5
Nokia,Android,6.8,6,4500,1.98,6,QHD,1,162.5,609.2,9.5
Sony,Android,4.8,12,4500,3.11,6,QHD,1,208.2,706.31,8.3
OnePlus,Android,6.9,12,4500,2.65,8,FHD,1,205.9,777.91,6.8
Apple,iOS,6.2,12,2500,2.54,6,FHD,1,177.9,761.89,3
OnePlus,Android,6.4,2,4000,2.22,4,4K,1,134.5,552.34,7.1
Google,Android,7,8,5000,2.73,8,FHD,1,161,644,9.9
OnePlus,Android,6.2,8,3500,2.27,8,FHD,0,159.2,544.9,7
Apple,iOS,5.4,8,3500,3.33,8,FHD,1,211.1,796.13,6.2
Google,Android,6.7,8,2000,2.17,6,HD,1,138.8,511.23,3
Oppo,Android,5.5,12,4000,3.3,6,FHD,1,210.6,691.79,6.8
Motorola,Android,4.6,6,5500,2.75,6,QHD,0,196.9,583.07,13.2
Motorola,Android,6.7,6,2500,3.21,4,4K,0,203.2,543.74,3
Huawei,Android,5.4,3,3500,3.01,8,4K,1,173.2,578.78,6.2
Oppo,Android,6.6,6,3500,2.98,8,FHD,1,198,611.8,4.9
Oppo,Android,5.5,8,5000,2.35,6,FHD,1,190.9,584.55,11.7
OnePlus,Android,6.8,8,4500,2.2,8,HD,1,206.9,646.61,8.4
Motorola,Android,5.1,4,4000,2.16,6,QHD,1,174.7,567.74,7.2
Apple,iOS,7.1,3,5000,3.26,8,FHD,1,177.3,753.13,10
Xiaomi,Android,6.6,8,4500,3.19,4,QHD,0,194.4,588.55,7.3
Xiaomi,Android,4.8,2,5500,2.55,4,QHD,1,140.8,529.64,13.1
Google,Android,6,4,5000,2.03,8,FHD,1,173.6,507.66,10.5
Motorola,Android,7.2,2,3500,2.45,8,FHD,0,227.2,402.41,6.4
Motorola,Android,5.8,4,3500,2.85,8,4K,1,133.8,680.75,6.4
Xiaomi,Android,5,4,3000,2.57,4,4K,1,161.6,635.71,5.9
Motorola,Android,5.8,6,4000,3.13,6,FHD,1,161.4,630.24,6.4
OnePlus,Android,5.9,6,6000,3.5,6,FHD,1,193.3,662.32,11.7
Sony,Android,6.5,12,4000,2.12,6,4K,1,140.6,834.19,7.3
Samsung,Android,6.4,6,3500,2.58,8,HD,0,192.9,479.93,4.8
Oppo,Android,5.6,8,5000,2.53,4,FHD,1,139.5,547.56,8.6
Huawei,Android,5.1,3,4500,2.32,6,FHD,1,139.5,575.13,10.9
Google,Android,6.2,4,3000,2.14,8,FHD,1,202.8,521.91,5.1
Sony,Android,5.6,8,4000,1.91,6,HD,1,162.4,503.01,7.5
Xiaomi,Android,4.9,3,4000,3.31,8,FHD,0,227.7,522.26,8.5
Oppo,Android,6.9,6,5000,2.51,8,FHD,0,133.7,512.16,10.3
Motorola,Android,6.4,6,2500,2.64,4,FHD,1,174.5,483.56,3
Huawei,Android,6.3,8,3500,3.36,8,4K,0,141.3,718.76,5.1
Motorola,Android,6.7,2,4000,3.12,8,QHD,1,165.1,655.77,6.9
Apple,iOS,5.9,4,3500,2.02,6,QHD,1,229.8,656.27,6
Apple,iOS,6.7,8,4500,2.76,6,QHD,1,218.9,898.74,8.1
Huawei,Android,5.8,3,4000,2.55,6,HD,0,134.8,457.97,6.5
Huawei,Android,4.7,8,4000,3.16,8,FHD,1,186.3,588.91,7.3
Xiaomi,Android,5.6,8,5500,3.03,8,4K,1,194.8,784.36,11.6
Huawei,Android,5.8,16,4500,2.97,8,FHD,0,151,769.45,9.3
OnePlus,Android,6.4,4,3000,2.38,8,FHD,0,144.5,370.78,5.1
Motorola,Android,4.8,12,4500,3.17,8,QHD,0,220.4,745.03,8.5
Sony,Android,4.9,6,5000,1.89,8,FHD,1,226.9,600.96,11.1
Nokia,Android,5.2,6,4500,2.07,6,FHD,0,229.2,484.17,10.3
Huawei,Android,5.2,3,3500,2.37,8,4K,1,209,617.07,6.6
Google,Android,6.5,8,6000,1.93,4,QHD,1,196.4,757.51,13.2
Apple,iOS,5.2,4,4000,2.2,8,FHD,1,164.6,752.72,9.5
OnePlus,Android,6.2,6,3000,3.21,6,4K,0,147.1,574.79,3.8
Oppo,Android,5.8,3,3500,3.41,4,QHD,1,137.9,586.89,4.7
Nokia,Android,6,12,3000,2.32,4,QHD,0,199.3,663.78,3
Sony,Android,6.8,8,5000,2.25,6,HD,1,208.5,594.6,8.7
Nokia,Android,5.6,8,3000,2.28,8,FHD,1,212.6,578.93,3
Huawei,Android,6.6,4,3000,2.27,6,QHD,1,221.4,591.96,5.2
Xiaomi,Android,5.6,4,5000,1.86,8,QHD,1,218,519.8,11.2
Apple,iOS,5.5,8,4000,3.38,6,QHD,0,230,784.84,8.3
Apple,iOS,7.1,6,2500,2.16,8,FHD,1,154.4,642.36,3
Oppo,Android,5,4,2500,2.51,6,FHD,1,206.3,470.09,3.3
Xiaomi,Android,4.7,8,3000,1.82,4,QHD,0,188.6,523.07,6
Motorola,Android,6.6,16,3500,3.26,8,FHD,1,156.1,686.83,3.8
Samsung,Android,4.7,8,4500,3.04,6,FHD,1,228.2,642.53,9.4
OnePlus,Android,6.8,8,3000,3.41,4,HD,1,219.8,673.93,3
Apple,iOS,5.7,16,3000,3.13,6,HD,1,142.9,857.37,3.2
Google,Android,7,4,5000,2.33,4,QHD,1,132.6,623.27,9.2
Apple,iOS,6.4,6,4500,2.22,8,QHD,1,198.8,851.21,9.8
Nokia,Android,6.1,16,4000,2.99,6,FHD,1,190.4,695.38,6.1
Apple,iOS,7.1,4,4500,2.42,8,FHD,1,223.6,750.59,9.9
Apple,iOS,5.6,8,3500,2.76,8,QHD,0,153.4,774.35,8.6
Samsung,Android,7.1,6,4000,1.81,6,FHD,0,138.4,492.44,7.1
Samsung,Android,4.9,6,4000,1.91,8,FHD,1,155.9,541.36,7.4
Sony,Android,5.8,8,4000,2.71,8,4K,1,131.9,699.38,7.2
Motorola,Android,5.2,12,5500,2.76,8,FHD,1,133.6,785.06,11.4
Google,Android,6,8,2000,3.08,8,4K,0,221.5,618.58,3
Apple,iOS,4.9,3,5000,2.02,8,FHD,0,165.2,552.14,13.7
Apple,iOS,6.8,12,3000,2.67,8,FHD,1,171.1,812.08,3.2
OnePlus,Android,6.8,4,5000,2.13,6,FHD,1,131.8,563.94,10.2
Samsung,Android,7.1,6,4500,1.96,4,4K,0,157.1,525.45,9.4
Google,Android,4.9,6,5000,2.5,4,FHD,1,210.5,552.22,11.4
Oppo,Android,6.2,6,3000,2.08,6,FHD,1,191.5,497.52,3.3
Sony,Android,5.8,6,4500,2.18,6,4K,1,205.4,730.64,8.9
Motorola,Android,5.4,12,4000,2.34,6,FHD,1,174.7,575.6,7.6
Xiaomi,Android,5.4,8,4500,2.24,4,FHD,0,161,527.15,8.9
Motorola,Android,5.6,8,4500,1.95,8,FHD,1,178.3,657.68,8.3
Nokia,Android,6.4,2,4500,1.95,8,QHD,1,162.3,491.52,9.9
Apple,iOS,6.1,12,4000,2.13,8,HD,0,213.9,674.01,8.8
Sony,Android,5.7,12,3500,1.89,6,HD,1,159.8,693.54,4.2
Nokia,Android,4.7,8,4000,2.86,8,FHD,1,196,572.73,6.2
Google,Android,4.7,2,3000,2.29,8,FHD,1,143.7,571.89,5.5
Xiaomi,Android,4.5,3,6000,2.28,6,4K,1,198.7,580.47,14.4
Samsung,Android,7.1,4,4500,2.36,6,4K,0,221.3,594.7,7.6
Sony,Android,4.5,3,6000,2.93,8,QHD,1,190.9,637.76,14
Sony,Android,4.8,6,3500,3.28,8,QHD,0,186,547.87,7.1
Apple,iOS,5.3,12,5500,3.09,6,QHD,1,226.1,952.62,12
Huawei,Android,6.7,6,5000,3.04,4,FHD,1,192.7,620.93,10.4
Sony,Android,7.1,2,4500,2.62,4,QHD,1,156,555.59,6.5
OnePlus,Android,6.6,4,4500,2.98,8,FHD,1,159.2,544.63,9.4
Xiaomi,Android,6.4,2,3500,2.74,8,FHD,1,200.5,548.51,5.4
Xiaomi,Android,5.9,2,5000,2.17,6,QHD,0,203.5,506.42,11.3
OnePlus,Android,4.7,4,4000,2.15,4,FHD,1,160.3,473.08,6.7
Oppo,Android,7.1,4,3000,2.3,8,QHD,1,164.5,604.35,4
OnePlus,Android,6.5,8,3500,3.35,8,FHD,1,229.1,671.26,3
OnePlus,Android,6.2,16,5500,2.73,6,QHD,1,140.2,824.73,10.6
Xiaomi,Android,6.5,6,5000,3.05,8,HD,1,170.5,659.93,8.5
Motorola,Android,6.5,6,6000,2.39,4,QHD,0,136.2,558.98,12.5
Xiaomi,Android,6.2,12,4500,2.49,6,QHD,1,212.1,775.68,6.5
Huawei,Android,7.1,4,3500,2.01,8,FHD,0,139.2,436.2,5.6
Apple,iOS,6.9,4,3000,2.09,6,FHD,1,197.4,663.57,5.6
Nokia,Android,6.2,12,3500,3.21,8,HD,0,135.6,605.05,6.1
Motorola,Android,6.4,2,2000,2.79,8,FHD,0,197.3,410.15,3
Samsung,Android,4.6,8,4000,2.37,8,QHD,0,214.3,528.65,8.4
Nokia,Android,6.3,6,3500,3.16,4,4K,1,169.9,675.35,4.9
Apple,iOS,4.6,4,4000,2.22,4,FHD,1,182.2,659.03,8.9
Huawei,Android,6.1,4,5500,3.46,6,QHD,0,170.2,605.59,12.6
Huawei,Android,7.2,8,4000,2.39,8,QHD,0,160,615.28,6.9
Samsung,Android,6,3,5500,2.37,8,FHD,1,210.3,635.94,12.2
Motorola,Android,5.8,4,4500,2.33,8,QHD,0,157.2,568.15,8.8
Oppo,Android,5.3,8,3500,2.01,8,QHD,1,202.3,663.12,5.9
OnePlus,Android,4.8,6,4000,1.99,8,FHD,0,150.6,485.92,9.6
Motorola,Android,6.5,3,3000,2.9,8,FHD,1,155,548.81,3.2
Oppo,Android,5,12,4000,3.29,6,HD,0,163.6,668.88,5.4
Huawei,Android,4.8,6,4500,3.14,6,4K,1,188.9,683.89,8.6
Xiaomi,Android,5.6,12,3000,2.04,8,4K,1,175.4,791.98,4.6
Apple,iOS,6.6,8,3500,2.73,4,QHD,1,204.5,801.46,6.4
Samsung,Android,6.5,8,4000,1.98,4,HD,0,151.4,465.38,6.6
Apple,iOS,4.6,6,6000,1.88,8,FHD,1,131.1,738.21,16.2
Google,Android,5.7,16,5000,2.92,8,FHD,1,207.7,809.07,9.2
Google,Android,5.9,3,5000,2.71,4,HD,0,212.2,406.5,12.2
Motorola,Android,6.2,8,3000,1.94,8,QHD,0,135.9,579.16,3.3
Huawei,Android,6.3,4,5000,1.86,8,4K,1,191.1,666.79,9.8
Huawei,Android,5.5,4,5000,3.48,6,4K,0,167.8,627.1,9.4
OnePlus,Android,6,4,4500,1.85,4,QHD,1,209.4,605.29,8.3
OnePlus,Android,5.8,12,6000,2.56,4,HD,1,217.4,710.59,13.1
OnePlus,Android,6.9,16,4000,2.66,8,FHD,1,215.1,840.01,4.5
Xiaomi,Android,5.9,4,5500,2,8,FHD,1,207.7,544.51,11.4
Nokia,Android,5.7,2,5500,2.09,8,QHD,1,156.9,546.22,13
Sony,Android,5.6,8,2000,2.4,8,QHD,0,211.2,512.4,3
Nokia,Android,6,6,4000,3.09,4,FHD,1,183.3,449.01,5.5
Apple,iOS,6.7,3,6000,2.66,4,FHD,0,135.3,667.13,14.6
Nokia,Android,6,8,3000,2.88,8,HD,1,175.7,557.64,3.5
Xiaomi,Android,6.3,6,4500,3.47,4,FHD,1,224.2,571.59,8.2
Apple,iOS,6.5,16,6000,3.11,6,FHD,0,218.8,928.55,12.6
Nokia,Android,5.9,4,4500,2.54,6,FHD,1,140.2,541.86,8.2
Xiaomi,Android,5.7,6,3500,2.56,4,FHD,0,204.4,423.28,7.5
Sony,Android,6.9,6,4500,2.85,6,QHD,1,210.6,579.04,7.5
Nokia,Android,5.6,8,3500,2.93,6,FHD,1,157.1,642.23,5.2
Xiaomi,Android,5.7,6,4000,2.65,6,HD,1,177.2,588.42,7.5
OnePlus,Android,7.2,8,3000,2.9,4,FHD,0,201.1,580.23,3
Huawei,Android,4.5,4,4500,1.84,8,FHD,1,173.9,484.24,10.2
OnePlus,Android,5,12,4000,2.53,8,FHD,1,141.3,614.02,5.4
Huawei,Android,5.5,6,5000,2.27,6,FHD,0,200.6,531.09,11.2
Samsung,Android,7,3,4500,2.02,8,FHD,1,221.2,527.28,9.8
Samsung,Android,4.7,8,4500,1.97,6,FHD,0,195.2,513.43,9.2
Samsung,Android,4.5,4,4500,2.83,8,QHD,1,207.4,672.5,8.4
Sony,Android,4.6,3,3000,2.69,8,FHD,1,165.8,496.13,6.6
OnePlus,Android,4.7,12,4500,2.23,8,QHD,1,148.3,737.39,7.7
Huawei,Android,4.6,6,3500,2.6,8,FHD,1,194.3,555.2,5
Xiaomi,Android,5.8,8,5500,2.64,4,HD,1,162.8,556.11,12.5
Apple,iOS,6.1,4,2500,2.13,4,FHD,1,216,638.02,3
Xiaomi,Android,5.2,8,4000,2.91,8,FHD,0,142.3,585.28,9.1
Apple,iOS,5.6,3,4500,3.13,6,4K,0,173.3,749.42,11
Google,Android,4.7,6,4000,3.15,6,QHD,1,169.7,563.88,8.3
Xiaomi,Android,5.4,16,3000,2.82,8,4K,1,223.8,846.95,3
Nokia,Android,5.9,8,4500,2.67,8,4K,1,145.3,811.84,9.2
Nokia,Android,6.5,6,4500,1.9,8,QHD,0,131,533.87,8.7
Motorola,Android,4.5,4,4500,2.29,6,FHD,1,153.8,553.47,9.3
OnePlus,Android,5.8,12,4000,1.96,8,FHD,0,212,583.6,5.6
Apple,iOS,5.3,6,4500,3.44,4,4K,1,150.9,878.6,10.2
Apple,iOS,6.8,8,4000,2.03,4,QHD,1,154.1,760.71,7.6
OnePlus,Android,6.4,8,4500,2.06,8,FHD,0,143,540.78,8.3
Sony,Android,6.1,2,4500,3.31,4,QHD,0,201.5,512.37,7.8
Motorola,Android,5.2,3,4500,3.4,6,FHD,1,136.9,499.67,9.2
Sony,Android,7,8,3500,3.1,8,FHD,0,163.1,568.96,6.4
Sony,Android,4.6,4,2000,1.81,6,FHD,1,158.2,305.86,3
Sony,Android,4.8,4,3500,1.8,4,QHD,0,185.5,396.94,6.7
OnePlus,Android,5.6,12,3000,2.44,6,QHD,1,203,709.36,3
Sony,Android,4.8,6,4000,2.04,6,FHD,1,183.3,566.41,8.8
Nokia,Android,7.1,8,4500,1.83,6,HD,1,223.1,617.61,7.2
Samsung,Android,6.7,6,3500,2.59,8,FHD,0,225.1,441.49,5.5
Google,Android,5.2,6,5500,3.4,8,QHD,0,166.1,668.31,13.5
Apple,iOS,6.1,3,2000,2.35,6,FHD,1,207.8,543.93,3
Apple,iOS,7.2,4,5000,2.92,8,FHD,1,203.9,781.37,10.6
Google,Android,6.9,4,4500,2.91,4,FHD,0,219.3,422.67,8
OnePlus,Android,6.1,6,4000,2.23,6,FHD,0,174.8,437.77,8.9
Xiaomi,Android,6.9,8,2500,2.91,8,FHD,1,183,560.65,3
OnePlus,Android,7.2,6,4500,2.16,6,QHD,1,171.6,642.96,7.7
Apple,iOS,6.5,6,4000,2.01,8,HD,0,215,628.08,7.8
Apple,iOS,4.7,6,5500,2.99,6,QHD,0,153,753.46,15.1
Google,Android,5.6,3,4500,1.99,8,FHD,1,154,511.85,9.2
Sony,Android,6.8,6,5500,3.49,6,FHD,1,167.3,593.89,10.1
OnePlus,Android,5.1,4,3500,2.11,6,FHD,1,153,488.93,6.8
Huawei,Android,6.7,4,5000,2.81,6,QHD,1,186.1,564.41,8.6
Google,Android,4.8,3,4500,2.5,8,4K,0,143.4,525.65,11.1
Nokia,Android,4.6,6,5000,2.01,8,4K,0,162,592.84,11.8
Apple,iOS,5.5,8,3500,1.85,8,FHD,0,221.3,618.17,6.8
Google,Android,4.6,4,4500,2.86,6,FHD,1,170.9,464.5,8.6
OnePlus,Android,7.1,4,4000,3.17,4,QHD,1,204.8,660.15,5.4
Apple,iOS,6.7,8,5000,3.23,6,QHD,0,141.3,859.62,10.6
Xiaomi,Android,6.7,4,4000,2.62,8,FHD,1,154.8,647.33,5.9
Google,Android,6.2,12,5500,3.12,8,QHD,0,210.7,784.71,11.6
Motorola,Android,5.1,6,3000,2.94,6,FHD,1,206.3,516.28,3
Apple,iOS,5.9,6,5000,3.03,8,FHD,1,168.6,761.19,9.4
OnePlus,Android,6.1,6,5000,2.64,6,FHD,0,225.4,496.38,12.3
Samsung,Android,5.9,4,5000,2.88,8,FHD,0,221.1,585.13,11.4
Huawei,Android,5.2,8,4000,3.17,8,FHD,1,226.2,624.18,8.5
Oppo,Android,5.9,6,4000,2.48,6,FHD,1,172.8,606.47,6.1
Sony,Android,5.8,12,6000,3.17,6,FHD,1,149.7,797.46,12.5
Oppo,Android,7.2,4,3500,2.81,8,FHD,1,192.7,564.98,5.6
OnePlus,Android,6.9,6,4500,2.08,8,FHD,1,198.5,531.63,8.2
Nokia,Android,5.8,6,4500,1.84,8,QHD,0,142.5,539.84,8.7
Nokia,Android,6.2,2,4500,2.42,8,FHD,0,208.6,446.68,9.8
Samsung,Android,6.5,6,3500,2.73,6,HD,1,131.8,610.82,5.3
Sony,Android,4.6,8,4500,3.23,8,FHD,0,178.3,557.98,10.1
Motorola,Android,6.9,12,5000,2.02,8,4K,1,163.1,781.96,9
Samsung,Android,6.8,4,2500,3.16,8,FHD,0,204,494.92,3.3
Oppo,Android,5.7,8,5500,3.27,6,FHD,0,161.3,576.2,12.6
Samsung,Android,5.6,16,2500,2.06,6,HD,0,212.7,487.59,3
Oppo,Android,5.2,12,4000,3.25,6,QHD,1,189.5,757,4.8
Apple,iOS,5.8,3,2000,3.49,4,FHD,0,209.4,550.63,3
Nokia,Android,4.6,8,3000,3.04,4,FHD,1,228.9,510.88,3.1
Apple,iOS,6.8,4,5500,3.13,6,FHD,1,197.9,746.52,12.5
Huawei,Android,4.6,16,4000,3.49,4,FHD,1,228.5,762.91,6.6
Sony,Android,5.4,6,4000,2.83,4,QHD,1,132.9,615.47,7.2
Motorola,Android,7,3,3500,2.32,8,QHD,0,163.8,434.29,7.2
Oppo,Android,6.5,8,4500,3.22,4,QHD,1,140.8,735.44,6.5
Motorola,Android,5.3,4,4500,2.84,4,QHD,0,156.2,568.35,10.5
Oppo,Android,5.2,16,4000,2.79,6,FHD,1,213.9,717.19,7
OnePlus,Android,4.5,16,4000,2.23,6,FHD,0,133.2,548.31,7.2
Samsung,Android,6.4,8,5500,3.09,8,QHD,1,182,779.44,12.9
Huawei,Android,4.6,3,4000,1.94,4,FHD,1,186.7,413.68,7.5
Nokia,Android,5.9,8,4000,3.37,8,QHD,1,186.1,728.72,5.9
Oppo,Android,7.1,3,3500,2.35,8,FHD,1,177.5,607.59,5.8
Motorola,Android,4.8,2,5000,2.02,8,FHD,1,209.1,436.95,11.9
Huawei,Android,6.9,12,4000,2.55,8,QHD,0,143.4,649.64,5.8
Xiaomi,Android,7.2,4,4000,1.87,8,QHD,1,161.1,587.02,7.4
Xiaomi,Android,4.7,6,3500,2.96,8,QHD,0,191.6,593.57,7.1
Apple,iOS,6.9,16,6000,3.33,4,FHD,1,199.1,1116.92,11.3
Nokia,Android,5.9,4,3500,3.22,6,QHD,1,170.4,604.18,5.4
OnePlus,Android,6.9,4,5000,2.02,8,FHD,1,217.5,501.01,10.9
Motorola,Android,6,12,4000,2.01,6,FHD,1,171.5,632.58,5.7
Samsung,Android,6.3,3,3500,3.18,4,4K,1,170.3,589.71,5.4
Samsung,Android,6,8,5000,3.37,8,QHD,1,133.6,767.66,8.8
Motorola,Android,6.8,16,4000,2.58,8,FHD,0,185.1,708.28,5.3
Sony,Android,6.5,12,5000,2.65,4,QHD,1,200.9,707.83,9.5
OnePlus,Android,5.9,8,5500,2.34,8,HD,1,141.4,617.76,12.2
Huawei,Android,6.8,4,5000,3.32,4,HD,1,160.5,562.4,7.8
Oppo,Android,5.2,4,2500,2.9,8,FHD,1,208.1,491.43,3
Sony,Android,4.9,12,5000,2.29,6,4K,0,166.6,709.41,11.1
Oppo,Android,4.9,12,4000,2.31,6,FHD,0,154.2,563.85,7.6
Oppo,Android,5.4,6,5500,3.32,8,QHD,1,197.2,756.19,12.3
Sony,Android,5.1,4,4500,1.82,6,FHD,0,149.7,400.45,10.5
Apple,iOS,7,3,5000,2.35,8,QHD,0,219.6,671.26,12.1
Xiaomi,Android,4.8,3,4000,2.74,6,FHD,1,140.6,442.05,7.8
Oppo,Android,6.4,8,4500,2.05,6,QHD,1,200.7,648.05,9
Sony,Android,5,6,3000,1.96,8,FHD,1,180,521.65,5.3
Sony,Android,6.9,12,5000,3.19,4,QHD,0,217,628.14,9.2
Google,Android,7.1,8,4000,3.32,6,4K,1,142.6,749.6,5.6
Apple,iOS,5.8,4,4000,3.2,6,QHD,0,197.8,723.41,8.5
Nokia,Android,6.9,8,5000,3.33,8,FHD,1,187.2,716.63,8.7
Google,Android,4.5,6,4500,2.74,8,4K,0,178,635.04,11.1
Google,Android,6.7,6,3500,3.18,8,HD,1,179.1,625.55,5.5
Motorola,Android,5.1,8,4500,2.45,6,QHD,1,202.2,630.55,8.2
Xiaomi,Android,7,12,4000,2.93,6,QHD,1,223.8,729.92,5.2
Sony,Android,4.5,12,4000,3.48,6,HD,1,139.1,733.58,6.8
Xiaomi,Android,6,4,2500,2.18,8,FHD,1,132,517.35,3.1
OnePlus,Android,6.5,2,3500,2.46,6,FHD,0,210.6,367.05,6.7
Motorola,Android,5.2,8,3500,2.62,8,FHD,1,140.8,516.65,4.7
Nokia,Android,5,3,4500,2.03,6,QHD,0,228.7,436.18,9.6
Xiaomi,Android,4.7,4,2000,1.94,8,FHD,1,191.9,461.84,3
Samsung,Android,5.4,2,4000,3.21,8,FHD,1,195.1,499.07,8.9
Oppo,Android,6,8,5500,3.46,8,FHD,0,149.9,630.6,10.7
OnePlus,Android,4.8,4,3000,2.49,6,FHD,1,154,530.39,4.7
Apple,iOS,5.5,8,4000,1.95,4,FHD,1,195.9,690.78,8.8
Nokia,Android,4.5,16,5000,1.91,6,QHD,0,221,711.26,8.8
OnePlus,Android,6.7,3,5500,3.32,6,HD,1,228.2,619.7,10.4
Oppo,Android,4.8,3,5000,2.59,4,QHD,1,149.8,516.32,10.9
Motorola,Android,5.3,4,5000,2.34,8,FHD,1,143.4,524.18,10.6
Oppo,Android,4.5,12,5000,2.61,6,FHD,1,135.6,706.95,10.2
Google,Android,5.7,4,4000,2.34,8,QHD,0,216.8,512.58,9.6
Oppo,Android,6.8,6,5000,2.63,8,FHD,1,159.5,630.07,9
Google,Android,5.6,3,2000,3.26,4,FHD,0,130.2,369.73,3
Motorola,Android,5,8,5500,2.81,8,FHD,0,152.4,615.53,12.5
Huawei,Android,6.5,6,4000,2.98,4,FHD,1,164,582.13,6.2
Google,Android,6.6,8,4500,2.42,6,FHD,1,229.1,632.75,7.8
Apple,iOS,5,12,3500,3.06,6,HD,1,182.4,857.29,8
Oppo,Android,6.6,4,5000,2.93,8,FHD,0,150.5,582.46,12
Oppo,Android,7.1,12,3000,2,4,HD,0,163.5,622.24,3
Apple,iOS,4.9,3,5500,2.77,6,FHD,0,163,590.14,13.9
Samsung,Android,6.6,12,5000,2.24,8,HD,1,132,813.38,8.5
Sony,Android,6.4,8,3500,3.17,6,FHD,0,143.5,487.93,4.2
Huawei,Android,5.8,12,5000,2.52,8,FHD,1,199.5,791.21,8.4
Nokia,Android,4.7,2,5000,3.49,8,4K,1,142,650.74,11
Google,Android,4.7,4,4500,1.96,8,HD,1,153.1,513.14,9.4
Apple,iOS,6.8,6,4000,3.13,4,QHD,1,165.1,785.94,6.3
Motorola,Android,7.2,6,3500,2.95,6,FHD,0,205.8,464.32,6.7
Google,Android,6.3,4,3500,3.1,6,4K,0,188.2,578.97,5.3
Sony,Android,5.7,6,3500,2.32,6,HD,1,198.9,498.69,5.2
Motorola,Android,6.2,3,5500,2.64,6,4K,0,186.7,548.2,13.3
OnePlus,Android,6.1,6,3000,3.15,6,QHD,1,198.4,613.95,3
Oppo,Android,5.5,12,5000,2.2,8,HD,1,130.3,760.1,8.9
OnePlus,Android,4.7,6,4000,2.18,8,QHD,1,223.1,595.54,7.8
Google,Android,6.7,2,4500,2.74,4,FHD,0,141.1,458.74,10.7
Sony,Android,5.5,6,5000,2.69,6,FHD,1,170.6,554.27,9.9
Huawei,Android,6.7,2,5500,2.28,6,QHD,0,207.1,461.36,12
Google,Android,5.2,16,4000,2.31,6,4K,1,173.5,856.55,6.3
Apple,iOS,4.5,3,4000,2.27,8,FHD,1,224.7,712.52,9.5
Xiaomi,Android,4.9,8,4000,3.11,8,FHD,1,176.8,630.26,9.3
Google,Android,5.8,16,2000,2.91,8,QHD,1,217.5,804.47,3
Oppo,Android,7,12,3500,3.22,8,QHD,1,211.1,834.6,5
Oppo,Android,4.8,8,4000,3.46,8,QHD,1,228.1,692.94,7.9
Google,Android,6.8,12,4000,2.61,8,QHD,1,222.7,756.32,5.3
Motorola,Android,5.9,16,5000,1.91,6,FHD,0,219.8,681.78,9.7
Xiaomi,Android,6.7,8,4000,1.88,8,4K,1,203.2,745.7,5.8
Apple,iOS,5.3,6,4000,2.3,6,FHD,1,166.7,633.54,8.1
Google,Android,6.8,8,4000,3.39,4,FHD,0,140.6,553.43,5.9
Motorola,Android,6.6,6,5000,2.69,6,FHD,0,198.9,524.57,10.5
Oppo,Android,5.1,8,5000,2.26,6,FHD,0,227.9,489.32,10.1
Oppo,Android,4.9,6,4500,2.48,8,HD,0,202.7,492.91,10.4
Sony,Android,6.8,4,5000,2.82,6,QHD,1,222.9,590.19,9.6
Google,Android,7.1,3,3500,2.91,6,FHD,1,210.4,461.46,5.2
Xiaomi,Android,4.6,3,4500,2.06,6,FHD,1,146.3,483.07,10.4
Samsung,Android,6.5,4,4000,3.46,8,QHD,1,154.9,683.98,6.4
Xiaomi,Android,7,2,4000,2.73,4,FHD,1,164.2,476.31,6.9
Oppo,Android,6.8,6,5000,2.03,8,HD,0,146.8,482.77,10.7
Oppo,Android,7.1,4,5500,3.32,8,FHD,1,188.2,604.09,11.7
OnePlus,Android,6.6,12,3000,1.93,8,4K,1,227.5,784.16,3.1
Oppo,Android,5.7,3,4500,3.34,8,HD,1,206.1,634.8,9
Apple,iOS,5.3,4,4500,3.49,4,FHD,0,172.3,646.92,10.4
Nokia,Android,5.4,8,3000,2.99,6,FHD,1,130.5,626.63,4.5
Google,Android,6.5,6,3500,3.11,8,FHD,0,161.3,473,6
Xiaomi,Android,6.5,3,3500,2.37,4,HD,1,182.7,468.34,4.2
Nokia,Android,5,12,3000,3.4,6,FHD,0,162.4,617.75,3.3
Motorola,Android,6.8,12,3500,2.7,8,FHD,1,141.1,635.03,3.8
Samsung,Android,6.4,4,3500,3.05,6,4K,1,174.3,628.67,5
Apple,iOS,6,4,4000,3.37,8,FHD,0,155.3,684.48,9.1
Xiaomi,Android,5.8,16,5000,3.46,4,FHD,1,220.9,793.74,7.2
Nokia,Android,6,8,4500,3.22,8,FHD,0,140.2,539.2,8.7
Samsung,Android,4.9,6,6000,2.32,8,FHD,1,134.9,549.07,13.9
OnePlus,Android,5,12,4000,3.44,8,QHD,1,130.5,822.09,7.1
Apple,iOS,4.7,4,5000,2.87,6,FHD,1,162.8,615.16,11.3
Apple,iOS,4.9,6,5500,3.38,8,FHD,0,196,737,14.1
OnePlus,Android,5.7,4,4500,2.95,8,QHD,1,203,609.18,8.4
Google,Android,5.9,8,4000,2.32,6,FHD,1,175.3,627.18,8.2
OnePlus,Android,4.5,6,5000,2.43,6,FHD,1,198.4,521.01,12
Apple,iOS,6.7,8,3500,2.74,8,FHD,0,166,793.69,5.3
Apple,iOS,5.3,4,4000,3.14,8,FHD,1,196.8,723.19,8
Nokia,Android,7,4,4500,2.34,6,HD,1,134.1,568.28,8.9
Oppo,Android,7.1,6,4500,2.79,8,HD,0,169.1,510.18,9
Samsung,Android,5,8,2500,2.39,6,FHD,0,209.1,444.26,3.5
OnePlus,Android,5.7,6,5500,3.19,6,QHD,1,210.3,681.8,11.6
Samsung,Android,4.5,2,4500,2.59,8,FHD,1,201.6,573.94,10.9
OnePlus,Android,6.1,12,4000,1.93,8,FHD,1,150.4,680.72,7
Motorola,Android,6.1,3,5500,2.08,8,FHD,1,154.7,575.45,12.2
Apple,iOS,5.2,16,4000,1.9,8,FHD,1,229.6,893.31,6.6
Oppo,Android,6,2,6000,2.65,6,HD,0,140.3,497.14,13.2
Nokia,Android,5.1,8,4000,1.98,4,4K,1,148.1,604.12,7.1
Oppo,Android,4.9,3,3000,1.99,4,QHD,1,143,559.07,3.3
Oppo,Android,6.3,12,5000,3.4,8,4K,1,162.8,841.4,8.9
Oppo,Android,5.4,6,4500,3.28,8,QHD,1,151,673.66,8.4
Samsung,Android,6.1,3,5000,2.57,6,FHD,0,179.8,519.56,12.8
OnePlus,Android,5.7,4,6000,3.48,4,FHD,1,177.6,674.09,13.3
Huawei,Android,7.2,4,5000,1.8,4,FHD,1,220.2,554.24,9.8
Motorola,Android,4.9,4,4500,2.84,8,FHD,0,133.5,453.91,8.9
Xiaomi,Android,5.8,12,5000,2.85,6,4K,1,162,832.11,8.1
Oppo,Android,6.3,6,4500,2.58,6,HD,0,189.7,507.38,9.6
Google,Android,5.6,8,4000,2.47,8,QHD,0,190.5,594.9,7.6
Samsung,Android,7.1,8,5500,2.57,8,FHD,1,178,629.1,12.9
Nokia,Android,6.4,8,3500,2.51,8,QHD,1,211.6,715.8,4.8
Xiaomi,Android,6.3,3,4500,3.04,8,4K,1,136.3,690.48,8.8
Huawei,Android,6.5,4,5500,2.03,4,QHD,0,211.5,486.81,11.4
Google,Android,7.1,8,5000,2.14,8,QHD,0,179.5,606.16,11
Huawei,Android,7,16,4500,2.11,8,FHD,0,143.4,703.19,6.8
Xiaomi,Android,6.5,4,5000,2.25,8,QHD,0,218.6,493.38,11.6
Oppo,Android,6.5,4,4000,2.69,6,4K,0,194.9,612.24,8.2
Google,Android,4.9,6,5500,1.99,4,QHD,1,146.4,615.49,12.4
Huawei,Android,4.8,16,3500,3.28,4,QHD,1,133.4,838.83,5.3
Nokia,Android,6,4,3000,2.31,6,QHD,1,144.1,547.5,3.6
OnePlus,Android,4.5,6,3500,2.08,8,QHD,1,190.9,540.29,7.9
Apple,iOS,5.8,12,4500,2.95,4,FHD,1,147.9,778.09,7.4
OnePlus,Android,5.1,2,4000,1.86,6,QHD,0,152.6,411.27,9.7
Xiaomi,Android,5.4,2,5000,2.85,6,FHD,0,132.5,429.6,11.5
Samsung,Android,6.6,8,4000,2.99,4,HD,1,202.3,579.91,5.2
Apple,iOS,7,12,4000,2.17,6,FHD,1,211,822.94,5.4
Motorola,Android,4.7,4,2000,1.87,6,FHD,1,209.7,393.59,3
Nokia,Android,5.9,6,4000,2.42,6,FHD,1,142.8,563.47,6.7
Motorola,Android,6.9,6,4500,1.97,8,FHD,1,220.3,564.47,8.5
Google,Android,4.7,6,2000,2,8,FHD,1,197.2,503.77,3
Apple,iOS,6.7,8,3500,2.23,4,HD,1,219.8,696.3,5
Motorola,Android,5.5,6,3500,2.3,8,FHD,0,174.7,517.35,8.1
Motorola,Android,5.4,6,2500,2.7,8,QHD,1,173.7,618.09,3
Huawei,Android,7.1,6,4000,2.95,8,4K,1,208.5,740.24,6.6
OnePlus,Android,5,6,3500,2.81,4,QHD,0,139.3,492.09,6.4
Huawei,Android,6.4,6,5000,2.05,4,4K,1,182.1,615.24,9.7
Apple,iOS,6.7,12,5000,2.09,4,QHD,1,213.6,936.64,10
Apple,iOS,4.6,2,4500,3.29,4,FHD,1,213,614.37,9.7
Xiaomi,Android,6.3,12,6000,2.75,6,QHD,1,225.6,804.13,11.7
Huawei,Android,7.1,12,4000,3.28,8,QHD,0,199.8,727.45,4.8
Sony,Android,4.8,4,4000,2.43,6,FHD,1,150.8,493.86,7.5
OnePlus,Android,6.9,6,6000,2.84,6,HD,1,132,699.28,12.2
Apple,iOS,6.1,6,3500,2.69,8,QHD,1,177.9,733.25,7.2
Xiaomi,Android,6.2,4,5500,2.34,4,HD,0,181.4,532.96,12.2
Huawei,Android,6.2,6,2500,2.6,8,QHD,1,154,626.86,3
OnePlus,Android,5.3,2,4000,2.65,8,FHD,1,142.5,491.64,8.2
Huawei,Android,7,4,3000,2.14,8,FHD,0,188.6,423.19,4.7
Motorola,Android,7.1,12,5000,2.34,8,FHD,0,206.4,557.43,9.1
Xiaomi,Android,6.2,4,4500,3.15,6,HD,1,229.3,532.07,8.6
OnePlus,Android,6.6,12,4500,3.36,8,FHD,1,205.8,730.24,6.8
Oppo,Android,6.2,6,4000,2.41,8,QHD,1,209.4,644.44,6.5
Google,Android,5.8,12,4000,2.32,8,QHD,0,191.6,706.18,6.8
Google,Android,6.3,6,2500,2.13,6,QHD,1,228.6,644.2,3
OnePlus,Android,6,2,4000,2.95,8,FHD,1,194,534.89,7.1
Huawei,Android,6.1,8,5500,2.35,4,QHD,0,216,602.72,12.2
Xiaomi,Android,6.6,2,4000,3.48,8,FHD,0,224.6,454.59,6.6
Google,Android,5.8,6,5000,2.35,4,FHD,1,223,490.4,10.9
Xiaomi,Android,4.6,12,5000,2.47,8,FHD,1,168.1,669.57,9.7
Google,Android,4.9,4,4000,2.83,8,FHD,1,137.9,530.48,8.2
Motorola,Android,5.7,6,4500,3.16,6,FHD,0,147.2,553.92,8.9
Huawei,Android,6.5,8,3000,2.6,6,HD,0,135.9,516.28,4.1
Motorola,Android,6.1,12,3000,2.52,6,QHD,1,140.5,707.16,3
Google,Android,6.3,8,2500,3.49,8,QHD,0,148.5,569.87,3
Oppo,Android,5.8,4,4500,1.82,8,FHD,1,164.1,447.52,7.9
Oppo,Android,6.2,8,4000,3.32,8,HD,1,184.4,572.93,7.1
Motorola,Android,5.4,4,4500,2.05,8,FHD,0,201.2,383.45,10.2
Oppo,Android,5.8,8,4500,3.14,8,FHD,1,151.1,639.92,8.4
Google,Android,6.5,16,4000,2.85,6,QHD,1,197.3,859.26,5.4
OnePlus,Android,6.9,8,4500,2.38,6,FHD,1,200.4,656.38,7.3
Motorola,Android,5.7,12,5000,3.29,8,QHD,0,185.9,754.85,10.3
Samsung,Android,4.6,2,2000,1.82,6,QHD,0,220.4,337.2,3
Huawei,Android,4.9,8,3500,2.19,4,FHD,1,141.1,575.87,5.9
Oppo,Android,4.6,12,4500,2.76,4,4K,1,147.7,733.16,8.1
Oppo,Android,6.3,2,4000,2.4,4,FHD,0,172.9,420.64,7.6
Apple,iOS,5.4,12,4500,2.84,8,FHD,0,142.7,708.62,10
Sony,Android,6,4,4000,1.84,6,FHD,0,186.6,368.52,7.4
Motorola,Android,5.8,8,4000,2,8,HD,1,169.8,657.1,7.4
Nokia,Android,4.7,12,3000,2.02,6,FHD,1,158.5,589.15,4.1
Oppo,Android,5.6,8,3500,2.12,6,FHD,1,147,530.56,5.7
Huawei,Android,5.1,3,4500,2.58,6,QHD,0,163.5,532.81,11.4
Samsung,Android,5.6,6,4000,3.08,8,4K,1,190.8,763.89,6.9
Oppo,Android,5,6,5000,3.34,8,QHD,0,187.6,589.27,11.2
Samsung,Android,6.8,12,5000,3.22,8,FHD,1,146.4,767.94,7.6
Google,Android,5,6,4500,2.13,8,QHD,1,142.5,628.68,10.7
Google,Android,7.1,4,5000,2.55,8,QHD,0,132.7,457.42,9.5
Sony,Android,5.6,8,3500,2.14,8,QHD,1,131.2,582.77,5.8
OnePlus,Android,6.8,6,4000,2.25,8,QHD,0,218,597.69,7
Nokia,Android,6.2,8,4500,2.66,8,QHD,0,134.5,585.1,9
Apple,iOS,6.5,8,4000,1.92,4,FHD,1,203.1,729.49,6.5
Sony,Android,6.6,12,4500,2.17,8,QHD,1,217.2,767.32,8.3
Xiaomi,Android,5.9,6,3500,3.39,8,FHD,1,139.8,645.72,4.3
Apple,iOS,6,6,4500,2.59,8,4K,1,173.6,812.05,10.7
Motorola,Android,5.9,3,5000,2.56,6,FHD,1,226.2,550.67,9.8
Huawei,Android,6.1,3,5000,1.82,8,HD,0,213.4,445.68,12.6
Xiaomi,Android,4.6,4,5000,2.22,8,FHD,0,179,428.21,11.7
Xiaomi,Android,5.6,4,5000,3.27,6,QHD,1,206.3,604.93,9.7
Sony,Android,6.1,8,4500,2.08,8,FHD,0,213.3,542.8,9.3
OnePlus,Android,6.1,8,4500,2.51,4,FHD,1,164.8,616.09,7.2
Sony,Android,6.6,6,3000,1.82,4,4K,0,219.2,532.34,3.5
Motorola,Android,6.3,12,4000,2.61,4,4K,1,177,778.69,4.8
Oppo,Android,7.2,16,4000,1.84,4,FHD,1,182.8,689.66,5
Oppo,Android,5.3,12,6000,3.19,8,FHD,0,230,665.81,13.4
OnePlus,Android,5.5,8,4000,3.2,4,QHD,0,214.3,542.8,7.1
Motorola,Android,5.5,6,4500,3.14,6,4K,1,166.2,690.36,8.2
OnePlus,Android,5.8,6,4500,2.28,4,FHD,1,131,564.99,8.9
Samsung,Android,6.8,3,4500,3.22,6,QHD,0,192.6,568.06,9.7
Oppo,Android,5.1,6,5000,2.72,4,FHD,1,200.4,512.26,10.7
Xiaomi,Android,6.6,12,3500,2.44,8,QHD,0,195.1,621.74,4.9
Nokia,Android,5.6,12,4500,2.86,4,QHD,1,226.8,700.98,6.4
Huawei,Android,6.1,4,5000,1.82,8,FHD,1,216.3,543.74,9.2
Motorola,Android,6.2,6,4000,2.04,8,HD,0,174.9,415.27,7.9
Apple,iOS,5.5,12,3500,3.06,4,4K,1,136.3,880.74,3.8
OnePlus,Android,5.9,3,4500,2.22,8,QHD,1,177.6,530.88,9.1
Huawei,Android,5.6,6,5000,2.82,4,FHD,0,198.9,510.82,11.9
Apple,iOS,4.7,12,2500,2.45,6,QHD,1,190.8,808.31,3
Huawei,Android,5.7,6,5000,3.25,4,QHD,0,183.8,555,9.4
Nokia,Android,4.8,3,5000,3.42,6,FHD,0,176.9,430.27,12.1
Apple,iOS,5.6,6,4000,3.3,8,QHD,0,159.4,716.12,6.6
Sony,Android,6.1,12,6000,2.26,8,FHD,1,157.7,715.31,12.9
Google,Android,6.1,6,5000,2.13,6,4K,0,180,680.09,12.1
Sony,Android,6.3,4,5000,2.61,8,HD,1,146.1,620.78,9.6
Oppo,Android,4.8,6,5000,1.81,4,FHD,1,164.1,494.77,10.1
Google,Android,6.3,6,3000,1.84,8,FHD,1,162.4,532.71,4.5
Sony,Android,5.3,6,3500,2.74,6,QHD,1,188.7,639.87,4.6
Google,Android,5.6,8,4000,2.68,4,QHD,1,136.7,607.56,7.1
Google,Android,6.8,3,3500,3.49,4,QHD,1,213,523.92,3.7
Xiaomi,Android,4.5,12,4000,2.14,4,QHD,1,186.2,597.23,8.2
OnePlus,Android,6.1,2,5500,2.24,8,FHD,0,197.1,512.99,13.8
OnePlus,Android,6.1,6,5000,1.99,8,4K,1,200.3,701.46,10.5
Xiaomi,Android,5.6,2,4500,3.36,4,FHD,0,159.1,441.05,10.8
Huawei,Android,5.1,6,5000,3.12,8,QHD,0,177,576.33,12.1
Samsung,Android,5.1,6,5000,3.2,8,FHD,1,225.6,571.78,10.7
Huawei,Android,6.9,6,4000,3.33,8,QHD,0,206.7,561.45,5.4
Apple,iOS,5.7,4,3500,2.69,6,QHD,0,227,586.46,7.1
Apple,iOS,5.4,8,4000,2.57,6,QHD,1,204.6,831.8,8.9
Google,Android,5.7,2,5000,2.36,8,FHD,1,147.6,585.6,10.1
Sony,Android,6.3,8,4000,2.8,8,FHD,1,136.5,631.99,5.8
Sony,Android,4.9,12,4500,2.57,6,FHD,1,187.8,606.59,7.4
OnePlus,Android,5.7,4,3000,2.57,4,QHD,0,165.8,470.16,5
Motorola,Android,6.1,6,5000,3.39,6,FHD,0,157.5,595.7,11.1
Huawei,Android,7.1,6,5000,3.47,8,4K,1,210.7,822.17,9.9
Oppo,Android,5.2,2,4500,3.15,8,FHD,0,166.7,453.83,9.5
Nokia,Android,5.5,6,6000,3.09,4,FHD,1,161.7,604.72,13.4
Sony,Android,5.5,8,5000,2.96,8,QHD,0,215,633.41,10.1
Nokia,Android,6.1,6,5500,2.08,8,FHD,1,214.6,656.71,11.8
Google,Android,5.5,3,5500,1.9,8,4K,1,165.6,687.91,13.3
Nokia,Android,5.9,12,5000,2.97,8,QHD,1,213.2,777.87,10
Oppo,Android,6.6,6,4500,3.04,8,FHD,1,215.1,607.16,6.3
Xiaomi,Android,6.4,12,2000,1.88,6,HD,1,172.4,567.93,3
Oppo,Android,5.7,6,4000,3.38,8,FHD,0,136.6,486.11,8.7
Nokia,Android,6.8,6,4500,1.95,4,FHD,0,130.2,517.07,9
Oppo,Android,6,3,3500,2.29,4,QHD,0,182.3,409.09,6.5
Samsung,Android,6,4,3500,2.94,6,FHD,1,164.4,544.21,4.9
Google,Android,4.6,16,6000,2.09,4,FHD,1,229.7,714.14,13.7
Huawei,Android,7.2,4,5500,1.89,6,FHD,1,207.2,541.51,11.1
Xiaomi,Android,4.8,16,5000,2.36,4,FHD,0,206.1,639.84,9.9
Sony,Android,5.1,6,4000,3.1,8,FHD,1,225.5,610.31,6.9
Apple,iOS,4.6,3,2000,2.5,4,QHD,1,218.8,602.63,3
Huawei,Android,6.2,3,3000,2.91,8,QHD,0,161.8,447.83,5.9
Apple,iOS,5.1,4,3500,2.79,4,QHD,0,146.6,615.86,7
Google,Android,5,12,2000,1.84,8,QHD,0,204.6,533.93,3
Xiaomi,Android,4.7,6,2000,3.48,8,FHD,1,167.8,599.45,3
OnePlus,Android,4.8,6,5500,1.87,4,QHD,1,177.3,589.4,11.8
Sony,Android,6.1,4,4500,3.45,8,FHD,0,193,489.78,9.2
Samsung,Android,6.4,3,3500,2.73,8,FHD,1,220.8,603.19,7
OnePlus,Android,5.6,6,3000,3.44,8,FHD,0,171.9,529.16,3
Google,Android,5.8,3,4000,2,8,FHD,1,208.3,465.13,7.5
Huawei,Android,6.4,12,2000,2.63,8,QHD,1,156.8,665.56,3
Samsung,Android,4.5,6,5500,2.09,8,FHD,1,199.8,603.07,12.7
Oppo,Android,5.4,6,4000,1.89,6,QHD,0,130.2,506.34,10.6
Nokia,Android,7.1,6,4000,2.85,4,FHD,1,217.2,604.11,6.3
Samsung,Android,6.1,6,4000,2.15,8,FHD,1,133,538.99,6.3
Google,Android,5.2,16,2500,2.8,6,QHD,0,201.3,701.04,3
Motorola,Android,5.9,6,4500,1.99,6,FHD,0,134.6,381.57,9.8
Nokia,Android,5.4,3,5000,2.36,4,FHD,1,156.6,493.22,10.1
Apple,iOS,5.9,8,4500,3.13,6,HD,1,179.7,758.01,10.1
Sony,Android,4.8,4,3000,2.54,8,QHD,1,172,537.4,4.6
Apple,iOS,4.9,2,4500,2.87,6,QHD,1,149.2,705.19,10.3
Samsung,Android,4.9,16,4500,2.9,6,FHD,1,163.4,798.04,6.9
Apple,iOS,7,8,5000,3.23,8,4K,0,202.8,832.04,11.8
Google,Android,6.5,16,4000,2.35,8,QHD,0,196.9,651.98,6.5
Oppo,Android,4.9,6,4000,2.97,6,QHD,1,137.2,578.78,8.7
Huawei,Android,5,6,4500,3.43,6,QHD,1,204.7,696.1,8.4
Sony,Android,6.5,4,4500,3.04,8,FHD,1,135.3,520.3,9.1
Apple,iOS,4.9,4,4000,2.63,8,QHD,1,184.3,717.82,9.8
Apple,iOS,5.1,12,4000,2.87,4,FHD,1,156,830.88,7.8
Samsung,Android,7.1,6,4000,3.06,4,FHD,1,188.8,574.56,5.3
Huawei,Android,5.2,12,5000,2.84,6,4K,1,156.1,862.75,9.8
OnePlus,Android,6.3,8,4000,1.83,6,QHD,1,228.5,550.3,6.6
Apple,iOS,7.1,4,5500,2.13,6,FHD,0,161,625.84,13.4
Google,Android,5.5,6,4000,3.18,8,FHD,1,154.2,651.19,6.4
Motorola,Android,4.5,8,5500,2.26,4,QHD,0,157.8,521.82,11.3
Sony,Android,5.2,4,5000,3.04,8,HD,1,219.6,622.99,11.8
Apple,iOS,6.7,12,4000,2.43,6,HD,1,193.6,814.27,7.1
Google,Android,6.8,6,5000,2.69,8,HD,1,203.1,644.97,8.6
Google,Android,6.6,4,3000,1.92,8,FHD,1,221.8,548.39,4.7
Sony,Android,4.8,6,5500,2.11,4,QHD,0,221.2,546.59,14.2
OnePlus,Android,6.6,16,4500,3.43,8,HD,0,203.9,715.55,7.7
Google,Android,7,4,2500,3.31,4,QHD,1,149.8,586.88,3
Motorola,Android,6.1,12,4500,2.91,8,FHD,1,214.3,692.43,6.9
Google,Android,7,4,6000,2.58,8,QHD,0,150.4,611.13,13.5
Google,Android,6.7,8,2500,2.95,6,4K,1,204.3,647.43,3
Google,Android,6.3,8,4500,2.85,6,QHD,1,198.6,688.66,8.2
Oppo,Android,6.1,4,5000,2.77,6,QHD,1,205.9,671.87,12.4
Oppo,Android,5.4,4,5000,1.9,8,4K,0,183.3,567.05,10.7
OnePlus,Android,4.9,8,4000,2.88,6,FHD,1,193.9,636.45,7
Apple,iOS,6.1,6,3500,3.11,6,QHD,1,225.3,902.64,4.5
Google,Android,5.4,8,2500,3.49,6,QHD,1,140.1,638.44,3
Huawei,Android,6.8,3,4500,1.82,4,FHD,1,160.9,508.37,9.4
Apple,iOS,7.2,12,4000,3.04,8,FHD,1,191.1,894.67,7.5
OnePlus,Android,6.5,8,5500,2.77,4,4K,1,226.4,766.3,10.9
Xiaomi,Android,4.7,12,2500,2.54,8,QHD,0,139.6,634.62,3
Apple,iOS,5.3,3,4500,2.02,4,FHD,0,132.3,529.38,11.3
Apple,iOS,4.8,6,2500,2.5,6,FHD,0,135.6,538.5,5.1
Nokia,Android,6.3,6,3500,2.4,8,QHD,0,135.2,482.45,5.3
Samsung,Android,6.6,6,4000,2.31,8,FHD,1,220.8,565.69,6.6
Nokia,Android,7,6,4000,3.04,8,QHD,1,202.1,710.66,5.2
Motorola,Android,5.7,2,4500,2.99,6,QHD,1,197.7,538.51,8.5
Oppo,Android,6.9,8,5500,2.8,4,QHD,0,182.3,634.37,12
Oppo,Android,6.9,6,4500,3.4,8,FHD,1,208.2,637.58,8.2
Samsung,Android,5.4,3,6000,2.39,6,QHD,0,145.6,505.77,13.8
Sony,Android,6.8,8,5500,2.21,4,QHD,0,169.2,525.28,11.1
Sony,Android,5.5,6,4500,2.92,8,QHD,0,179,636.81,9.6
OnePlus,Android,5.3,2,5000,2.14,8,FHD,1,141,531.79,11.6
Samsung,Android,6.3,16,4500,2.34,8,FHD,0,172,797.71,7.3
Apple,iOS,5.4,12,3000,2.18,8,4K,1,161.7,947.38,5.1
Sony,Android,6.2,6,5000,1.92,8,FHD,0,133.6,561.42,11.2
Google,Android,6.1,3,3000,3.21,4,FHD,1,143.7,413.93,3
Huawei,Android,6,8,4500,2.23,4,FHD,1,206.4,507.53,7.6
Apple,iOS,5.5,6,4500,2.6,8,QHD,1,131.8,801.19,9.6
Motorola,Android,6,4,2500,1.87,8,FHD,1,223.4,425.88,3.4
Google,Android,6.1,6,3500,2.99,6,FHD,1,138.6,536.85,5.5
Google,Android,6,6,5500,2.36,6,HD,1,209.9,698.45,10.4
Samsung,Android,5.7,6,4500,3.07,6,QHD,1,219.9,698.9,8.7
OnePlus,Android,4.5,6,3500,2.5,8,FHD,0,224.1,423.07,7.1
Motorola,Android,6.1,8,4500,2.13,4,FHD,0,216.7,401.06,9
Sony,Android,5,12,4500,2.67,6,FHD,0,158.8,552,8.4
Samsung,Android,6.2,6,4000,2.02,8,QHD,1,163.3,599.51,7.1
Sony,Android,6.6,8,6000,2.55,8,FHD,1,172.7,672.15,13.7
Samsung,Android,5.9,12,4500,2.34,4,FHD,1,143.9,601.94,7.6
Samsung,Android,6,6,4000,3.35,8,FHD,1,132.2,657.19,6.6
Samsung,Android,7.1,6,5000,1.9,8,4K,1,216.9,692.04,9.5
OnePlus,Android,6.8,8,5500,2.98,6,QHD,1,185.4,756.14,11.5
Samsung,Android,7,6,3000,2.11,4,4K,1,190.9,629.56,3
Xiaomi,Android,6.7,12,3500,2.34,6,QHD,0,222.7,672.64,4.2
Huawei,Android,4.8,6,3500,2.51,6,HD,1,196.5,515.88,4.9
Sony,Android,4.9,16,4500,3.34,8,QHD,0,199.1,733.1,8.4
Apple,iOS,5.9,3,4500,2.21,4,FHD,1,208.7,611.96,11
Nokia,Android,5.2,2,4500,1.96,8,FHD,0,141.6,384.02,10.5
Motorola,Android,5.8,8,5500,2.34,4,FHD,1,166,692.18,10.5
Oppo,Android,5.6,4,5000,1.98,6,FHD,1,226.8,528.26,12.2
OnePlus,Android,6,4,3000,2.02,8,4K,0,222.3,532.99,5.6
Apple,iOS,6.5,4,4000,2.78,6,FHD,0,218.4,645.98,8.9
Google,Android,6.4,4,4000,1.9,6,QHD,1,175.2,564,7.1
Xiaomi,Android,5.9,2,4000,1.85,4,HD,1,215.7,483.37,8.2
Oppo,Android,6.7,16,4500,3.01,6,HD,1,134.8,769.02,6.5
Nokia,Android,5.7,4,5500,2.41,8,QHD,1,144.9,619.95,12
Apple,iOS,6.9,8,3500,2.01,6,QHD,0,171.4,663.69,6.4
Oppo,Android,4.7,8,4500,2.23,8,QHD,1,178.3,732.7,8.4
Apple,iOS,7.1,12,5000,2.89,8,FHD,1,156.4,895.31,8.8
Xiaomi,Android,6.3,2,4000,2.27,6,FHD,1,165.6,434.34,7.1
Nokia,Android,5.5,12,3000,2.64,4,QHD,0,146.3,601.97,4.5
Google,Android,5,6,4000,2.01,6,QHD,1,178.9,557.4,6.9
Samsung,Android,5.8,8,2500,2.8,8,FHD,1,209.4,562.42,3
Sony,Android,5,8,5500,2.34,6,4K,1,196.1,750.03,11.4
Google,Android,4.9,12,3000,2.87,8,QHD,1,140.8,775.14,3
Samsung,Android,6.2,4,4000,3.17,6,4K,1,178.8,675.86,7.1
OnePlus,Android,5.9,8,4500,2.84,8,QHD,1,199.8,672.66,9.5
Huawei,Android,6.3,6,6000,2.3,4,QHD,0,183,554.3,13.1
Motorola,Android,7,8,3000,2.23,8,HD,1,169.2,614.46,3
Motorola,Android,5.9,16,3000,2.36,6,FHD,1,192.2,622.57,3
Sony,Android,6.1,4,2000,2.08,6,QHD,0,226.9,384.99,3
Nokia,Android,4.7,16,3000,2.11,6,FHD,1,139.5,681.41,3.6
Xiaomi,Android,6.4,3,3500,3.14,6,FHD,1,169,452.33,6.1
Nokia,Android,5.6,2,4500,2.45,8,FHD,0,170.7,420.5,10.6
Xiaomi,Android,7.1,2,3500,2.54,6,FHD,1,187.7,469.97,5.8
Nokia,Android,6.7,4,2500,2.81,4,4K,1,145.2,635,3
Huawei,Android,5.9,8,5000,2.8,8,QHD,0,147.7,624.49,11.5
OnePlus,Android,4.8,3,4000,1.91,6,FHD,0,158.5,429.87,9.2
OnePlus,Android,6.8,2,4000,3.21,8,HD,1,225.6,549.55,7.4
Samsung,Android,6.7,12,3500,2.1,8,QHD,1,203.4,796.56,4.5
Oppo,Android,5,12,6000,3.03,6,QHD,0,196.2,656.7,13.8
OnePlus,Android,5.3,12,3500,3.11,8,4K,1,211.7,869.59,7.1
OnePlus,Android,6.6,12,5500,3.02,6,FHD,1,142.8,724.35,10.3
Google,Android,5,8,5000,2.78,4,FHD,1,215.9,659.16,8.8
Google,Android,7,3,3000,1.82,8,FHD,1,189.5,529.21,3.9
Samsung,Android,5.6,6,6000,2.41,8,4K,1,163.5,634.32,13.5
Oppo,Android,4.7,8,3500,2.83,6,QHD,1,211.6,651.87,5.4
Sony,Android,6.7,4,3000,2.46,8,QHD,0,210.3,540.8,5.3
Google,Android,5.5,8,5000,3.27,6,FHD,1,214.6,700.44,10.6
Sony,Android,5.9,2,4500,2.32,6,QHD,1,141.6,505.23,9.1
Apple,iOS,4.8,4,4500,2.3,8,QHD,0,226.9,684.61,10.7
Google,Android,4.5,6,3000,2.25,4,FHD,1,226,483.3,4.6
Huawei,Android,6.2,8,4000,2.37,6,FHD,1,165.7,609.06,6.1
Oppo,Android,5.9,6,5000,2.75,8,FHD,1,136.6,656.46,10.4
Samsung,Android,6.1,8,3500,3,8,FHD,1,146.7,666.77,4.7
Apple,iOS,6.6,2,3500,2.93,6,HD,0,229.3,540.97,8.2
Oppo,Android,6.2,3,2000,3.17,8,FHD,1,186.3,504.42,3
Huawei,Android,5,12,3500,3.31,8,FHD,1,165.7,690.05,4.3
Oppo,Android,5.5,8,5500,3.19,8,HD,0,158.8,589.53,11.2
Huawei,Android,6.9,3,4000,1.83,8,FHD,1,155.7,504.95,7.3
Huawei,Android,6.6,12,6000,3.05,4,QHD,1,196.4,804.84,11.5
Sony,Android,6,4,4000,2.15,6,FHD,0,171.9,403.92,7.9
Nokia,Android,5.2,6,4500,2.03,6,QHD,1,226.5,637.52,9.8
Apple,iOS,5.3,3,3500,2.89,8,FHD,0,198.4,634.87,7
Oppo,Android,6.5,8,4000,2.34,8,QHD,0,209.2,562.28,6.7
Xiaomi,Android,6.8,8,3500,1.9,8,FHD,1,159.3,639.73,5
Apple,iOS,6.3,4,4000,2.03,8,QHD,0,137.9,624.95,9
Nokia,Android,6.7,12,4500,1.8,4,FHD,1,178.8,679.41,7
Apple,iOS,6.6,6,6000,3.34,6,QHD,0,161.5,843.26,14.4
OnePlus,Android,4.9,4,4500,1.84,6,FHD,1,150.2,490.32,10.3
Xiaomi,Android,5.6,4,3500,2.16,6,QHD,0,225.3,434.98,6.7
Nokia,Android,4.9,4,2500,2.51,4,FHD,1,174.4,417.35,3
Sony,Android,5.1,2,3000,2.41,4,FHD,1,147.5,433.37,4.2
Oppo,Android,6.8,6,4500,3.35,8,FHD,1,149.9,717.59,8.1
Motorola,Android,5.8,12,5000,1.87,8,QHD,0,158.1,600.09,11.2
Nokia,Android,5.9,6,5500,2.67,8,4K,1,229.9,752.31,12.5
Samsung,Android,5,4,2000,2.96,8,QHD,0,156.8,461.88,3
Oppo,Android,5.3,2,4500,3.38,6,HD,1,162.9,507.44,9.1
Nokia,Android,5.1,4,4000,2.85,8,FHD,1,195.9,539.27,7.9
OnePlus,Android,5.1,6,4500,3.17,8,4K,1,159.4,704.61,8
Motorola,Android,6.2,8,4500,1.94,8,FHD,1,151.6,659.33,6.8
OnePlus,Android,5.2,4,4500,2.46,6,QHD,1,145.9,637.1,8.1
Motorola,Android,6.2,8,4500,2.44,4,4K,1,161.3,713.13,7.3
Samsung,Android,4.7,12,3000,3.31,4,QHD,1,140.6,683.25,3
Oppo,Android,4.9,6,5000,2.06,8,FHD,1,131.9,554.18,10.9
Sony,Android,5.2,12,3000,2.06,8,FHD,1,210.5,630.01,3.3
OnePlus,Android,6.1,6,4500,2.36,8,FHD,1,143.8,662.81,9.4
OnePlus,Android,6.3,8,4000,1.89,6,QHD,0,207.6,549.95,6.7
Huawei,Android,5.7,6,4000,2.11,8,FHD,1,209.8,524.32,7.5
Motorola,Android,5.7,6,5500,3.44,8,FHD,1,183.8,640.19,11.2
Google,Android,6.5,4,5500,2.53,6,FHD,1,161,605.84,10.8
Oppo,Android,4.5,4,5000,2.87,6,FHD,1,144.5,515.59,10.5
Motorola,Android,5.4,4,4000,3.03,8,QHD,0,203.7,532.85,6.6
Huawei,Android,6.7,6,5000,2.42,6,QHD,1,190.1,674.22,10.3
Apple,iOS,6.1,3,4000,2.05,8,FHD,1,195.5,631.83,10
Motorola,Android,5.4,12,5000,2.15,8,FHD,1,130.9,622.42,9.7
Sony,Android,6.9,8,4000,2.33,8,4K,1,222.8,697.84,6.3
Oppo,Android,6.6,6,6000,2.88,8,HD,1,136.6,627.85,12.7
Huawei,Android,5.2,4,5500,2.48,8,QHD,0,166.7,545.05,12.8
Apple,iOS,6.2,12,5000,1.81,8,4K,1,170.3,963.17,11.3
Xiaomi,Android,6.1,12,3500,2.69,6,FHD,0,130.1,613.05,5.3
Huawei,Android,5.6,8,3000,3.37,4,FHD,0,179.7,443.71,3
Xiaomi,Android,5.5,4,5000,3.18,6,4K,1,205.3,718.83,9.5
Oppo,Android,5.4,6,3000,3.2,8,FHD,0,212.3,472.16,3
OnePlus,Android,6.2,3,5000,3.15,4,FHD,1,217.9,471.58,11.1
Huawei,Android,5.7,4,4000,2.35,4,FHD,1,178.8,492.04,7.1
Samsung,Android,6.7,8,4000,3.1,4,FHD,1,193.1,661.15,5.8
Xiaomi,Android,6.3,8,5500,2.04,8,QHD,1,138,740.42,11.3
Sony,Android,4.7,6,4500,2.92,8,QHD,1,178.8,647.25,10.1
Samsung,Android,6.2,12,4500,2.89,8,QHD,1,145.5,824.63,8.1
Nokia,Android,5.2,6,4500,1.84,6,FHD,1,167,542.29,9.1
Nokia,Android,6.1,6,4000,3.14,8,HD,0,162.9,564.35,8.8
Apple,iOS,6.3,4,5000,3.34,8,QHD,1,172.4,753.64,11.3
OnePlus,Android,5.1,12,3500,2.25,8,HD,1,187.2,597.51,4
Oppo,Android,5.7,3,5500,3.18,8,QHD,1,220.3,680.86,12.2
Huawei,Android,5,12,5500,1.94,4,FHD,0,169.4,635.17,12.6
Google,Android,4.6,12,4000,2.82,8,QHD,1,228.1,754.49,6.7
Sony,Android,5.5,3,5000,2.63,6,FHD,0,205.9,431.81,11.2
Xiaomi,Android,5.5,6,4500,2.73,6,FHD,1,181.1,540.68,10
Oppo,Android,7.2,12,4000,3.37,8,FHD,1,194.4,726.19,4
Samsung,Android,5.7,6,6000,3.28,6,FHD,0,140.2,613.25,11.6
Nokia,Android,5.4,12,2500,3.13,6,FHD,1,214.5,623.5,3
Sony,Android,6.1,12,3500,2.27,8,QHD,0,188.2,685.21,4.4
Google,Android,4.7,6,4500,3.35,4,QHD,1,228.6,653.6,8.4
Huawei,Android,7.1,6,4500,1.97,8,QHD,0,193.6,636.86,8.8
Apple,iOS,6.2,12,4500,3.25,8,4K,1,213.4,1012.01,9.4
Google,Android,6.5,8,5000,2.36,8,FHD,1,210,643.92,10.9
Sony,Android,5,3,4500,1.89,8,HD,0,164.5,463.51,9.8
Google,Android,5.6,2,4500,2.94,8,FHD,1,156,495.19,10.4
Sony,Android,5.6,6,2500,2.19,8,QHD,0,173,476.84,4.5
Sony,Android,6.7,12,4000,2.21,8,FHD,1,176.7,617.7,5.9
Motorola,Android,4.5,12,3500,2.32,8,QHD,0,154,571.13,7.1
Xiaomi,Android,5.3,8,3500,1.91,8,FHD,1,219.5,641.83,6.7
Nokia,Android,7.1,3,4500,2.1,8,4K,1,184.3,687.19,8.4
Motorola,Android,5.8,4,3500,1.81,4,4K,1,227.8,521.57,5.7
Huawei,Android,5.5,12,3500,2.56,6,HD,1,211,693.69,5.1
Motorola,Android,4.8,4,3500,1.94,8,FHD,1,185.6,458.45,5.4
OnePlus,Android,7.1,4,5500,2.96,6,QHD,0,224.7,607.54,11.6
OnePlus,Android,4.6,3,5500,2.2,4,FHD,0,180.5,441.04,12.7
Nokia,Android,6.5,8,4500,3.4,8,FHD,1,218.7,739.1,8.7
Google,Android,6.6,12,5500,3.28,4,QHD,1,165.8,769.69,9.5
Xiaomi,Android,5.2,4,5000,2.29,6,FHD,1,167.9,501.99,11.2
Nokia,Android,6.3,6,4500,3.13,8,QHD,0,171.8,495.14,8.8
Sony,Android,4.8,8,2000,3.17,8,QHD,1,184.7,617.93,3
Samsung,Android,5.2,16,5000,3.48,6,HD,0,185.3,744.21,9.5
Xiaomi,Android,6.6,3,4500,2.82,8,FHD,1,179.6,595.28,8
Xiaomi,Android,6.8,6,4500,1.94,8,FHD,1,160.6,632.7,8.3
Sony,Android,6.1,6,5000,2.9,6,QHD,0,222.7,597.09,10.4
Sony,Android,5.9,12,4000,2.86,6,FHD,1,188.9,699.09,5.5
Apple,iOS,4.9,6,4500,2.89,8,QHD,1,170.8,804.82,10.6
Nokia,Android,4.7,3,5500,2.32,8,FHD,1,195.1,570.6,12.8
Sony,Android,4.8,8,4000,3.26,8,FHD,0,206.8,509.03,9.2
OnePlus,Android,5.1,8,4500,3.43,8,FHD,1,226.1,596.36,8.9
Huawei,Android,5.4,2,4000,2.17,8,FHD,1,180,450.65,7.1
Samsung,Android,5.5,12,4500,1.95,6,FHD,1,141.2,660.04,8.6
Nokia,Android,5.4,4,5000,2.13,8,FHD,1,174.1,496.18,10.5
Oppo,Android,5.1,6,2500,3.19,6,FHD,0,177.9,421.77,3.2
OnePlus,Android,5.9,6,4500,2.95,8,FHD,0,219.7,505.45,8.7
Google,Android,6.7,8,3500,2.88,8,HD,1,169.5,655.97,3
Sony,Android,5.3,6,4500,2.48,4,QHD,0,225.3,548.1,9.5
Oppo,Android,7,12,4000,2.78,8,FHD,1,178.5,715.02,4.3
Sony,Android,6.9,8,5000,2.32,6,FHD,1,227.4,648.34,9.6
Xiaomi,Android,4.9,8,3000,2.61,6,QHD,1,130.8,630.73,4.1
OnePlus,Android,6.6,8,4500,3.15,8,FHD,0,219.9,569.46,8
Xiaomi,Android,6.1,8,3500,3.47,6,QHD,0,223.1,577.6,6.7
Apple,iOS,6,2,5000,3.39,8,FHD,1,226.1,783.07,10.6
Xiaomi,Android,5.6,6,5500,3.39,4,HD,0,131.3,433.03,11.5
Apple,iOS,5.9,12,6000,2.48,8,4K,1,147.2,984.05,12.9
Apple,iOS,5.6,3,5000,2.6,8,FHD,1,195.4,693.85,13.7
Oppo,Android,6,8,5000,3,8,QHD,1,132.5,746.4,10.8
Sony,Android,6.2,16,3500,3.37,6,FHD,1,136.4,806.22,3
Google,Android,6.3,3,4000,2.04,8,QHD,0,152.1,564.37,7.7
Xiaomi,Android,5.9,8,4000,2.32,6,QHD,0,181.2,561.63,6.9
OnePlus,Android,6.4,6,5000,2.04,4,HD,1,184.6,554.61,9.4
Apple,iOS,4.9,6,5500,2.84,6,QHD,1,133.4,824.6,12.5
Sony,Android,5.1,3,3500,2.32,4,FHD,1,147,427.06,5.6
Samsung,Android,6.7,2,5500,2.35,8,QHD,1,180,568.13,12.9
Nokia,Android,5.4,8,4500,1.92,6,FHD,1,189.4,572.95,10.4
Oppo,Android,4.6,12,4500,2.39,8,QHD,0,144.8,685.41,8.2
Google,Android,4.9,8,3500,3.27,8,HD,0,169.9,523.58,5.4
Motorola,Android,5.1,6,2500,2.2,6,FHD,1,220.4,504.04,3
Oppo,Android,7.1,3,4500,2.98,8,QHD,0,229.9,479.95,7.7
Samsung,Android,6,8,4500,2.87,4,QHD,1,228.7,664.54,8
Nokia,Android,7,4,3500,3.27,6,HD,1,218.2,536.66,5
Samsung,Android,6.1,12,4500,2.02,4,FHD,1,169.5,592.3,8.1
Xiaomi,Android,5.8,12,5000,3.46,8,FHD,1,198.7,777.69,9.4
Apple,iOS,5.3,8,5000,2.79,8,FHD,0,171.7,788.93,11.8
Google,Android,6.1,12,5500,3.49,6,FHD,0,194.9,711.7,10.8
Huawei,Android,4.9,2,4000,3.35,6,QHD,1,160.9,605.65,6.7
Apple,iOS,6.9,8,3500,2.18,8,FHD,1,190.6,778.2,6.3
Huawei,Android,6.7,4,5000,1.9,6,QHD,1,182.4,624.36,11.5
Nokia,Android,5.4,12,4000,2.23,8,QHD,1,132.4,654.22,7
Sony,Android,7.1,4,3000,2.7,8,FHD,0,209.1,451.38,3.6
Motorola,Android,6.7,8,3500,2.09,6,FHD,1,131.2,593.45,5.5
OnePlus,Android,6.3,12,4000,2.08,8,FHD,1,159.3,694.96,8.1
Apple,iOS,4.8,2,3500,2.59,6,FHD,0,130.6,577.47,8.7
Google,Android,5.8,6,4000,1.86,8,QHD,1,167.6,568.1,7.9
Samsung,Android,5.9,8,3500,2.01,8,FHD,1,136.3,602.19,6
Google,Android,5.1,6,2500,2.51,4,QHD,1,221.4,497.3,3
Nokia,Android,4.7,4,4500,1.91,4,FHD,0,171.6,385.43,10.1
Huawei,Android,6.6,4,4500,2.47,8,FHD,1,175.9,562.32,8.2
Samsung,Android,4.8,3,4500,2.61,8,HD,0,165,479.9,11.2
OnePlus,Android,6.1,12,3500,2.57,4,HD,0,192.8,585.1,5.4
OnePlus,Android,7,6,3500,3.28,8,FHD,1,208.4,614.01,4.4
Apple,iOS,6.9,3,4500,2.7,6,FHD,1,194.8,604.42,9
Nokia,Android,5.2,6,4500,2.6,6,QHD,1,204.8,642.79,7.5
Sony,Android,6.8,6,4000,2.5,8,QHD,0,220.6,559.29,7.4
Nokia,Android,4.5,4,4000,3.19,4,FHD,0,216.4,482.77,7.5
Huawei,Android,4.5,6,5500,3.32,8,FHD,1,197.4,679.44,11.5
Google,Android,6.1,4,4000,3.25,6,FHD,0,151.5,435.98,8.3
OnePlus,Android,5.5,4,4000,2.95,8,FHD,0,193.8,495.79,8.9
Google,Android,5.5,8,4500,2.03,6,FHD,0,180.6,526.78,9.1
Google,Android,6,4,4500,2.27,8,FHD,1,201.7,568.97,7.8
Google,Android,5,8,4000,1.88,8,FHD,0,213.3,510.18,7.8
OnePlus,Android,5.1,6,4000,3.38,4,FHD,1,204.3,584.91,7.5
Oppo,Android,5.8,6,5000,2.92,8,HD,0,214.7,601.86,11.3
Xiaomi,Android,6.5,8,3500,3.07,6,FHD,0,136.4,507.24,4.8
Huawei,Android,6.2,6,3000,2.33,4,QHD,1,133.2,527.97,3.5
Oppo,Android,5.3,12,3500,3.24,8,FHD,0,155.9,641.41,3.7
Huawei,Android,5.7,8,5000,2.24,6,FHD,1,220.1,533.77,8.3
Samsung,Android,5,6,3000,1.8,8,FHD,0,212.4,451.16,7.2
Nokia,Android,4.7,12,6000,2.44,8,QHD,1,198.3,803.18,13.8
Nokia,Android,6.6,8,4500,2.77,8,QHD,0,200.1,534.98,8.7
Motorola,Android,5.2,4,6000,2.61,4,QHD,0,202.7,508.95,14.3
Nokia,Android,5,4,5500,3.27,6,HD,1,224.3,645.84,10.8
OnePlus,Android,6.4,4,4000,1.98,6,FHD,1,213.2,448.91,8
Sony,Android,6.2,12,3500,2.74,8,QHD,0,192.3,672.1,4.2
Apple,iOS,6.2,8,3000,2.67,8,HD,1,196.6,703.6,5.1
Motorola,Android,5.1,12,3500,2.28,8,FHD,1,151.4,620.34,5.3
Apple,iOS,5.1,8,4500,3.2,4,QHD,1,195.7,890.15,9.3
Huawei,Android,5.1,6,3500,3.08,6,FHD,1,172.5,557.64,4.5
Apple,iOS,5,3,4000,3.05,4,HD,0,145.3,581.68,8.4
Apple,iOS,6.3,8,4000,3.29,4,HD,1,210.6,755.6,7.3
Motorola,Android,6.8,6,5500,3.03,6,FHD,1,181,575.59,11
Samsung,Android,6.5,16,3500,2.19,6,FHD,0,227.7,590.7,4.4
Google,Android,6.6,4,2000,3,6,QHD,1,158.2,598.14,3
Nokia,Android,5.6,6,2500,2.32,4,QHD,1,178.1,545.92,3
Nokia,Android,6.3,8,5500,2.21,4,FHD,1,174.8,581.09,11.9
OnePlus,Android,5.5,8,4500,1.92,4,QHD,1,142.1,617.42,8.3
Motorola,Android,5.9,6,3500,3.06,4,FHD,1,172.6,570.36,5.8
OnePlus,Android,5.8,8,3500,3.01,6,FHD,0,158.8,534.58,4
Sony,Android,5,4,3500,2.2,8,QHD,1,146,529.21,7
Sony,Android,5.5,8,3000,3.07,4,QHD,0,158.2,476.29,4.4
OnePlus,Android,7.1,8,5500,3.36,6,QHD,1,153.3,733.62,9.1
Motorola,Android,5.2,12,5000,1.98,6,QHD,1,203.4,767.56,9.4
OnePlus,Android,4.9,12,4000,2.2,4,QHD,1,133.1,711.68,5.7
Nokia,Android,5.6,4,5000,3.08,4,QHD,1,191.7,625.62,10.8
Oppo,Android,6.6,4,3500,2.27,6,FHD,0,206.1,419.96,6.4
Xiaomi,Android,6.1,16,4500,2.86,8,QHD,0,178.1,748.23,9
Apple,iOS,6.3,6,5000,1.94,6,4K,1,223.2,834.01,11.5
Xiaomi,Android,5,12,4000,2.57,4,QHD,0,200.8,645.07,7.7
Motorola,Android,6.2,4,5000,3.06,8,FHD,1,204.8,637.81,11.1
Xiaomi,Android,5.4,8,3500,2.97,6,FHD,1,149.7,578.33,5.5
Sony,Android,6.8,12,3500,3.19,6,FHD,1,207.7,792.05,3.2
Huawei,Android,6.2,12,3000,3.29,8,FHD,1,213.2,694.3,3
Apple,iOS,5,4,4000,3.11,8,4K,1,166.1,807.52,8.8
Google,Android,4.7,8,5000,2.94,6,FHD,1,151.3,681.13,10.9
Motorola,Android,4.6,6,5500,1.85,6,FHD,1,168.5,474.47,12.2
Apple,iOS,5.5,3,4500,2.71,6,4K,1,204,809.1,10.8
Xiaomi,Android,5.2,8,5000,1.86,4,FHD,1,171.8,563.49,10.6
Sony,Android,6.2,8,5000,3.17,8,HD,0,203.7,651.73,9.3
Samsung,Android,5.8,12,3500,2.35,4,FHD,0,141.4,566.2,5.6
Oppo,Android,5.2,6,4000,2.76,6,QHD,1,210.6,621.96,7.3
Google,Android,4.9,4,3000,2.28,8,HD,1,155.3,513.21,4.5
Oppo,Android,4.8,2,4500,3.13,8,4K,1,154.9,605.98,9.8
Apple,iOS,6.8,6,5500,3.31,6,FHD,1,189,836.07,11.6
Sony,Android,5.2,4,3000,2.48,8,FHD,1,137,445.42,4.8
Sony,Android,6.3,8,5000,3.27,6,FHD,1,132.6,673.64,9.1
Xiaomi,Android,6.7,6,4500,2.25,8,QHD,1,156.1,654.92,7.1
Nokia,Android,6.2,12,4500,2.71,6,FHD,1,183.8,621.88,7.2
Xiaomi,Android,6.8,16,4000,3.26,4,FHD,0,220.8,683.16,4.7
Nokia,Android,5.6,8,4000,2.35,4,FHD,1,214.6,573.28,7.2
Nokia,Android,7.1,12,2500,3.42,6,QHD,1,179,708.1,3
Google,Android,4.9,8,3500,2.01,6,HD,0,133.7,422.4,6.2
Xiaomi,Android,4.8,6,2000,1.83,8,QHD,1,183.5,552.89,3
Samsung,Android,6.3,4,4500,3.34,8,QHD,0,200.5,589.59,7.8
OnePlus,Android,7,6,3000,1.92,6,FHD,1,163.9,528.87,3
OnePlus,Android,6.7,6,5500,3.49,6,HD,1,141.1,653.45,10.5
Xiaomi,Android,4.7,12,4500,3.42,4,FHD,1,157.9,655.64,6.6
Xiaomi,Android,5.3,6,4500,2.03,8,FHD,1,207.2,654.59,10
Oppo,Android,7,12,4000,2.71,8,FHD,1,165.1,697.47,5.7
Google,Android,5.2,8,4500,2.11,8,FHD,1,211.2,566.8,8.9
Xiaomi,Android,6.6,3,5500,2.53,8,FHD,0,162,501.38,12.7
Oppo,Android,6.7,16,3000,1.9,4,FHD,1,146.4,667.26,3
Nokia,Android,5.8,6,3500,2.18,4,FHD,0,173.6,414.34,6.6
Sony,Android,5.5,6,5000,2.42,8,FHD,0,175.2,592.27,12
Sony,Android,5.7,8,3000,2.55,8,QHD,1,131.6,596.31,3.5
Nokia,Android,5.1,3,3000,3.46,4,4K,1,141.7,600.4,3.8
Motorola,Android,6.9,8,4000,3.17,4,QHD,1,148.5,631.79,5.6
Oppo,Android,5.7,6,3000,3.05,8,FHD,1,141.4,543.86,3.6
Oppo,Android,6.9,6,4500,2.71,4,FHD,1,164.2,644.34,8.3
Nokia,Android,4.8,16,3500,3.23,6,FHD,0,226.5,665.46,5.9
Samsung,Android,7.2,6,5500,2.38,8,FHD,1,180.9,646.97,11.5
Huawei,Android,5.7,4,5000,3.01,6,FHD,1,192.8,530.32,9.5
